Country,Year,Deaths,Homelessness,Economic
Afghanistan,2010,350,1000,0
Africa,2010,21337,261990,59176000
Albania,2010,0,0,0
Angola,2010,25,78875,0
Antigua and Barbuda,2010,0,0,12600000
Argentina,2010,42,0,0
Asia,2010,14080,1282409,38687399000
Australia,2010,36,0,10129000000
Azerbaijan,2010,3,0,0
Bangladesh,2010,107,0,0
Barbados,2010,0,0,0
Belgium,2010,4,0,398146000
Belize,2010,0,0,0
Benin,2010,46,150000,0
Bolivia,2010,30,300,100000000
Bosnia and Herzegovina,2010,5,0,87000000
Brazil,2010,395,13000,802000000
Bulgaria,2010,3,0,0
Burkina Faso,2010,16,0,176000
Burundi,2010,9,1500,0
Cambodia,2010,8,0,70000000
Cameroon,2010,13,3000,0
Canada,2010,0,0,0
Central African Republic,2010,3,0,0
Chad,2010,24,0,0
Chile,2010,562,800000,30000000000
China,2010,7186,356625,22675436000
Colombia,2010,624,0,1000000000
Cook Islands,2010,0,0,0
Costa Rica,2010,27,0,0
Cote d'Ivoire,2010,18,0,0
Croatia,2010,0,0,80000000
Czechia,2010,23,0,347560000
Democratic Republic of Congo,2010,54,5730,0
Denmark,2010,0,0,0
Djibouti,2010,0,0,0
Dominican Republic,2010,7,0,0
Ecuador,2010,14,500,0
Egypt,2010,58,0,0
El Salvador,2010,17,2800,20000000
Ethiopia,2010,19,0,0
Europe,2010,56472,2670,19004794000
European Union (27),2010,607,0,15103134000
Fiji,2010,2,0,39427000
France,2010,81,0,5730000000
French Polynesia,2010,1,0,11000000
Gabon,2010,0,0,0
Gambia,2010,9,0,0
Germany,2010,8,0,1000000000
Ghana,2010,63,0,0
Greece,2010,1,0,0
Grenada,2010,0,0,0
Guatemala,2010,227,50640,1150000000
Guinea,2010,8,0,0
Guinea-Bissau,2010,2,0,0
Guyana,2010,0,0,14700000
Haiti,2010,222641,0,8000000000
High-income countries,2010,1580,800000,72164406000
Honduras,2010,144,7998,90000000
Hong Kong,2010,1,0,0
Hungary,2010,1,0,440000000
Iceland,2010,0,0,0
India,2010,1244,907000,2149000000
Indonesia,2010,1294,4830,78000000
Iran,2010,11,3500,0
Israel,2010,46,0,270000000
Italy,2010,3,0,872000000
Jamaica,2010,15,0,150000000
Japan,2010,180,0,0
Kazakhstan,2010,44,5000,34576000
Kenya,2010,204,0,0
Kyrgyzstan,2010,0,0,0
Liberia,2010,1,0,0
Lithuania,2010,9,0,0
Low-income countries,2010,21161,31965,176000
Lower-middle-income countries,2010,229251,1162297,21573187000
Luxembourg,2010,0,0,31000000
Madagascar,2010,120,0,0
Malawi,2010,0,0,0
Mali,2010,0,0,0
Mauritania,2010,0,0,0
Mexico,2010,182,0,7066000000
Moldova,2010,1,0,0
Montenegro,2010,0,0,0
Morocco,2010,42,0,29000000
Mozambique,2010,5,0,0
Myanmar,2010,113,0,57000000
Namibia,2010,8,0,0
Nepal,2010,150,0,0
Netherlands,2010,0,0,28000000
New Zealand,2010,0,0,6500000000
Nicaragua,2010,71,0,0
Niger,2010,5,6615,0
Nigeria,2010,40,0,30000000
North America,2010,223498,61538,25676600000
North Korea,2010,20,0,0
Oceania,2010,41,590,16679427000
Oman,2010,16,0,1000000000
Pakistan,2010,2186,0,9598000000
Palestine,2010,0,500,0
Panama,2010,15,0,0
Paraguay,2010,12,0,0
Peru,2010,497,1000,0
Philippines,2010,376,0,335087000
Poland,2010,219,0,3080000000
Portugal,2010,46,0,1620000000
Romania,2010,78,0,1111428000
Russia,2010,55844,1200,3666000000
Rwanda,2010,21,5920,0
Saint Lucia,2010,14,0,500000
Saint Vincent and the Grenadines,2010,0,100,25000000
Saudi Arabia,2010,24,0,0
Senegal,2010,2,0,0
Serbia,2010,9,1470,132260000
Sierra Leone,2010,16,0,0
Slovakia,2010,126,0,25000000
Solomon Islands,2010,2,590,0
Somalia,2010,20011,200,0
South Africa,2010,40,0,0
South America,2010,2229,814800,32086700000
South Korea,2010,12,0,0
South Sudan,2010,0,0,0
Spain,2010,5,0,340000000
Sri Lanka,2010,35,0,105000000
Sudan,2010,36,10000,0
Switzerland,2010,0,0,14000000
Taiwan,2010,34,0,1073100000
Tajikistan,2010,75,1134,205500000
Thailand,2010,258,0,332000000
Togo,2010,22,0,0
Trinidad and Tobago,2010,0,0,0
Turkey,2010,64,200,0
Uganda,2010,388,0,0
Ukraine,2010,6,0,1900000
United Kingdom,2010,0,0,500000
United States,2010,138,0,9162500000
Upper-middle-income countries,2010,65616,429735,38286327000
Uruguay,2010,4,0,0
Venezuela,2010,49,0,170000000
Vietnam,2010,221,1620,704700000
World,2010,317657,2423997,132194096000
Yemen,2010,22,1000,0
Zambia,2010,9,150,0
Zimbabwe,2010,0,0,0
Afghanistan,2011,83,9700,142000000
Africa,2011,792,75896,1016500000
Algeria,2011,10,0,779000000
Angola,2011,130,100,0
Argentina,2011,0,0,104000000
Asia,2011,27263,1756482,273704040000
Australia,2011,1,0,2554000000
Bahamas,2011,0,0,40000000
Bangladesh,2011,102,0,0
Belgium,2011,5,0,99000000
Benin,2011,0,0,0
Bhutan,2011,1,0,0
Bolivia,2011,52,0,20000000
Botswana,2011,0,0,0
Brazil,2011,978,30000,1002000000
Burkina Faso,2011,0,0,0
Burundi,2011,12,0,0
Cambodia,2011,247,0,521000000
Canada,2011,8,7000,2300000000
Central African Republic,2011,1,0,0
Chile,2011,1,1082,200000000
China,2011,746,308425,12048115000
Colombia,2011,313,0,2320000000
Costa Rica,2011,4,0,0
Democratic Republic of Congo,2011,0,2000,0
Dominica,2011,0,96,0
Dominican Republic,2011,11,0,30000000
Ecuador,2011,7,0,0
El Salvador,2011,35,0,1000000000
Ethiopia,2011,0,0,0
Europe,2011,88,15000,1193015000
European Union (27),2011,83,15000,1169000000
France,2011,6,0,0
Georgia,2011,7,0,0
Germany,2011,4,0,0
Ghana,2011,20,0,0
Guatemala,2011,83,0,61913000
Guinea,2011,0,4000,0
Haiti,2011,39,540,0
High-income countries,2011,21211,58253,297068000000
Honduras,2011,33,0,0
India,2011,1038,325000,2032625000
Indonesia,2011,129,10095,5850000
Iraq,2011,6,2000,0
Ireland,2011,2,0,325000000
Italy,2011,29,0,545000000
Japan,2011,19976,0,212520000000
Kazakhstan,2011,2,3762,67000000
Kenya,2011,33,5000,0
Kyrgyzstan,2011,0,0,0
Laos,2011,48,0,0
Lesotho,2011,26,0,0
Low-income countries,2011,354,69720,142000000
Lower-middle-income countries,2011,5271,1411436,8317425000
Madagascar,2011,35,25845,0
Malawi,2011,4,0,0
Malaysia,2011,18,0,0
Mali,2011,1,0,0
Martinique,2011,1,0,0
Mauritania,2011,0,0,0
Mexico,2011,125,40000,597700000
Mozambique,2011,23,0,0
Myanmar,2011,225,3152,5300000
Namibia,2011,108,0,12000000
Nepal,2011,182,0,123000
New Zealand,2011,182,300,18000000000
Nicaragua,2011,17,0,0
Niger,2011,16,28175,0
Nigeria,2011,185,500,4500000
North America,2011,1166,80507,63962613000
North Korea,2011,74,0,0
Norway,2011,4,0,0
Oceania,2011,183,300,20557000000
Oman,2011,14,0,0
Pakistan,2011,511,0,2500000000
Panama,2011,0,0,0
Papua New Guinea,2011,0,0,0
Paraguay,2011,0,2000,0
Peru,2011,109,1705,0
Philippines,2011,1933,0,730025000
Poland,2011,26,0,0
Puerto Rico,2011,1,771,500000000
Russia,2011,1,0,24015000
Rwanda,2011,14,0,0
Saint Vincent and the Grenadines,2011,0,0,0
Saudi Arabia,2011,11,0,300000000
Senegal,2011,0,0,0
Sierra Leone,2011,21,0,0
Solomon Islands,2011,0,0,0
Somalia,2011,0,0,0
South Africa,2011,46,3500,221000000
South America,2011,1477,36787,3662000000
South Korea,2011,121,2000,52000000
Spain,2011,11,15000,200000000
Sri Lanka,2011,87,1060273,500000000
Sudan,2011,20,0,0
Switzerland,2011,0,0,0
Tajikistan,2011,0,0,0
Tanzania,2011,37,6776,0
Thailand,2011,896,0,40317000000
Tonga,2011,0,0,3000000
Turkey,2011,655,32075,1744000000
Tuvalu,2011,0,0,0
Uganda,2011,50,0,0
United States,2011,809,32100,59433000000
Upper-middle-income countries,2011,4115,423563,58551743000
Uzbekistan,2011,13,0,0
Vanuatu,2011,0,0,0
Venezuela,2011,17,2000,16000000
Vietnam,2011,138,0,219002000
World,2011,30969,1964972,364095168000
Zambia,2011,0,0,0
Zimbabwe,2011,0,0,0
Afghanistan,2012,378,2680,0
Africa,2012,1030,88728,1112115000
Albania,2012,5,0,0
Algeria,2012,69,0,0
Angola,2012,0,0,0
Argentina,2012,25,2000,12000000
Asia,2012,6343,595899,27099274000
Australia,2012,4,0,588000000
Austria,2012,5,0,0
Azerbaijan,2012,5,6949,0
Bahamas,2012,1,0,0
Bangladesh,2012,344,55000,0
Belarus,2012,0,0,0
Belgium,2012,3,0,0
Benin,2012,4,0,0
Bolivia,2012,13,0,0
Bosnia and Herzegovina,2012,4,0,0
Brazil,2012,3,8500,1631000000
Bulgaria,2012,38,0,4400000
Burkina Faso,2012,18,21000,0
Cambodia,2012,14,0,0
Cameroon,2012,25,31980,2000000
Canada,2012,0,0,1084000000
Central African Republic,2012,0,3870,0
Chad,2012,20,0,10000000
Chile,2012,8,0,303100000
China,2012,802,48618,19754533000
Colombia,2012,77,8000,102000000
Comoros,2012,4,0,5000000
Congo,2012,19,7500,0
Costa Rica,2012,8,0,45000000
Croatia,2012,7,0,0
Cuba,2012,14,162746,0
Czechia,2012,32,0,0
Democratic Republic of Congo,2012,1,1010,0
Dominican Republic,2012,8,11500,30000000
Ecuador,2012,34,0,0
Estonia,2012,1,0,0
Europe,2012,1294,20452,24200901000
European Union (27),2012,619,14700,17807901000
Fiji,2012,17,0,97400000
France,2012,12,0,0
Gabon,2012,1,0,0
Gambia,2012,0,0,0
Georgia,2012,5,6000,94000000
Germany,2012,6,0,0
Greece,2012,6,0,0
Guatemala,2012,44,0,210000000
Haiti,2012,130,33330,254000000
High-income countries,2012,1082,17255,123808301000
Honduras,2012,0,0,0
Hungary,2012,16,0,0
India,2012,599,37500,244000000
Indonesia,2012,107,3845,1000000
Iran,2012,319,0,500000000
Iraq,2012,4,0,0
Italy,2012,73,14700,17137601000
Jamaica,2012,1,0,16542000
Japan,2012,173,0,1702400000
Kazakhstan,2012,0,0,0
Kenya,2012,73,0,100000000
Kyrgyzstan,2012,16,0,0
Latvia,2012,10,0,0
Lithuania,2012,30,0,0
Low-income countries,2012,940,85428,305515000
Lower-middle-income countries,2012,5780,570962,7406541000
Madagascar,2012,112,0,100000000
Malawi,2012,4,0,0
Mexico,2012,21,4000,1175000000
Moldova,2012,10,0,0
Montenegro,2012,1,0,0
Morocco,2012,0,0,0
Mozambique,2012,33,0,0
Myanmar,2012,40,0,1170000
Namibia,2012,0,0,0
Nepal,2012,132,0,1000000
Netherlands,2012,1,0,0
New Zealand,2012,3,0,9100000
Nicaragua,2012,9,0,0
Niger,2012,91,0,184115000
Nigeria,2012,378,0,501000000
North America,2012,560,212881,101337542000
North Korea,2012,147,33500,11400000
North Macedonia,2012,1,0,0
Oceania,2012,101,1250,854500000
Pakistan,2012,671,0,2500000000
Palau,2012,0,1250,0
Palestine,2012,0,0,0
Panama,2012,6,0,2000000
Papua New Guinea,2012,65,0,27000000
Paraguay,2012,5,0,6000000
Peru,2012,288,51385,0
Philippines,2012,2385,35762,1005611000
Poland,2012,274,0,5900000
Puerto Rico,2012,0,0,0
Romania,2012,86,0,0
Russia,2012,415,5752,1757000000
Rwanda,2012,5,0,0
Samoa,2012,12,0,133000000
Saudi Arabia,2012,19,0,0
Senegal,2012,19,0,10000000
Serbia,2012,25,0,0
Slovakia,2012,5,0,0
Slovenia,2012,0,0,265000000
Solomon Islands,2012,0,0,0
Somalia,2012,31,20000,0
South Africa,2012,13,0,200000000
South America,2012,453,69885,2147100000
South Korea,2012,22,0,799000000
South Sudan,2012,47,0,0
Spain,2012,14,0,395000000
Sri Lanka,2012,53,69000,58200000
Sudan,2012,35,0,0
Switzerland,2012,11,0,0
Taiwan,2012,20,0,52200000
Tajikistan,2012,3,0,760000
Tanzania,2012,10,0,0
Thailand,2012,0,0,1200000
Turkey,2012,13,0,0
Uganda,2012,18,3368,0
Ukraine,2012,195,0,1690000000
United Kingdom,2012,8,0,2946000000
United States,2012,318,1305,98521000000
Upper-middle-income countries,2012,1979,315450,25138075000
Venezuela,2012,0,0,93000000
Vietnam,2012,72,297045,372800000
Wallis and Futuna,2012,0,0,0
World,2012,9781,989095,156751432000
Afghanistan,2013,155,0,0
Africa,2013,948,7321,747324000
Angola,2013,9,0,0
Argentina,2013,56,0,1302000000
Armenia,2013,0,0,60000000
Asia,2013,18846,228602,58707811000
Australia,2013,9,0,2366000000
Austria,2013,4,0,1000000000
Bahamas,2013,0,0,45000000
Bangladesh,2013,50,0,20000000
Belarus,2013,4,0,0
Belgium,2013,0,0,0
Benin,2013,1,2759,0
Bolivia,2013,136,0,2500000
Botswana,2013,12,0,0
Brazil,2013,121,43200,635500000
Burkina Faso,2013,2,0,0
Cambodia,2013,200,0,500000000
Cameroon,2013,0,0,0
Canada,2013,14,0,7310000000
Central African Republic,2013,0,0,0
Chile,2013,0,0,1000000000
China,2013,1395,152540,35448900000
Colombia,2013,7,500,6000000
Cuba,2013,2,0,0
Czechia,2013,15,0,828552000
Denmark,2013,2,0,0
Dominican Republic,2013,0,0,102000
Ecuador,2013,24,0,0
El Salvador,2013,0,0,0
Ethiopia,2013,0,0,2200000
Europe,2013,896,2041,23755552000
European Union (27),2013,112,46,20984552000
France,2013,4,0,655000000
Gambia,2013,2,0,0
Georgia,2013,0,0,0
Germany,2013,11,0,17700000000
Ghana,2013,5,0,0
Guatemala,2013,1,0,2000000
Guinea,2013,0,0,0
Haiti,2013,6,33265,0
High-income countries,2013,1564,8293,52420152000
Hungary,2013,0,0,0
India,2013,7119,0,2377471000
Indonesia,2013,173,0,3136000000
Iran,2013,45,1500,600000000
Iraq,2013,11,0,0
Israel,2013,4,0,0
Italy,2013,18,0,780000000
Japan,2013,400,0,222200000
Kenya,2013,128,0,36000000
Laos,2013,23,0,121000000
Libya,2013,16,0,0
Low-income countries,2013,849,50945,134024000
Lower-middle-income countries,2013,17130,52444,22897511000
Madagascar,2013,51,0,25000000
Malawi,2013,3,0,0
Malaysia,2013,4,0,2000000
Mali,2013,37,0,0
Marshall Islands,2013,0,0,0
Mauritania,2013,8,2305,2000000
Mauritius,2013,11,0,2000000
Mexico,2013,223,0,5702000000
Mozambique,2013,119,0,30000000
Myanmar,2013,23,0,0
Namibia,2013,0,0,64000000
Nepal,2013,195,4314,0
Netherlands,2013,2,0,10000000
New Zealand,2013,0,0,893000000
Nicaragua,2013,27,0,0
Niger,2013,32,0,64724000
Nigeria,2013,19,0,0
North America,2013,503,42012,31154502000
North Korea,2013,51,48688,0
North Macedonia,2013,1,0,0
Oceania,2013,19,0,3263000000
Pakistan,2013,730,0,1600000000
Palau,2013,0,0,0
Palestine,2013,6,0,0
Panama,2013,0,0,200000000
Papua New Guinea,2013,0,0,0
Paraguay,2013,0,0,25000000
Peru,2013,69,5247,0
Philippines,2013,7750,0,12422810000
Poland,2013,29,0,0
Portugal,2013,10,46,0
Romania,2013,9,0,11000000
Russia,2013,4,0,1000000000
Saint Lucia,2013,6,0,0
Saint Vincent and the Grenadines,2013,12,500,108000000
Saudi Arabia,2013,39,0,0
Senegal,2013,8,0,0
Serbia,2013,0,0,0
Seychelles,2013,0,0,9300000
Sierra Leone,2013,0,2257,0
Slovakia,2013,1,0,0
Solomon Islands,2013,10,0,4000000
Somalia,2013,169,0,2000000
South Africa,2013,3,0,0
South America,2013,413,48947,2971000000
South Sudan,2013,99,0,0
Spain,2013,0,0,0
Sri Lanka,2013,117,3861,2000000
Sudan,2013,76,0,7000000
Sweden,2013,7,0,0
Switzerland,2013,0,0,250000000
Taiwan,2013,10,0,63700000
Tajikistan,2013,0,0,0
Thailand,2013,84,15254,579000000
Turkey,2013,7,0,0
Uganda,2013,13,0,3100000
Ukraine,2013,2,1995,21000000
United Kingdom,2013,773,0,1500000000
United States,2013,212,8247,17787400000
Upper-middle-income countries,2013,2082,217241,45147502000
Vietnam,2013,215,2445,1552730000
World,2013,21625,328923,120599189000
Yemen,2013,40,0,0
Zambia,2013,0,0,0
Zimbabwe,2013,125,0,500000000
Afghanistan,2014,575,10000,3000000
Africa,2014,592,40586,511000000
Algeria,2014,6,0,0
Argentina,2014,27,0,62000000
Asia,2014,5792,1235035,64500572000
Australia,2014,141,258,1125000000
Bangladesh,2014,79,4000,160000000
Belarus,2014,2,0,0
Belgium,2014,0,0,0
Bolivia,2014,137,4800,200000000
Bosnia and Herzegovina,2014,26,0,436580000
Brazil,2014,41,67500,5200000000
Bulgaria,2014,21,1260,932000000
Burkina Faso,2014,0,0,0
Burundi,2014,96,12500,2000000
Cambodia,2014,45,57950,2000000
Cameroon,2014,0,0,0
Canada,2014,0,0,129000000
Cape Verde,2014,0,0,0
Chile,2014,18,1638,134000000
China,2014,1575,490730,29056973000
Colombia,2014,88,0,8000000
Comoros,2014,0,0,0
Costa Rica,2014,0,0,0
Cote d'Ivoire,2014,46,0,0
Croatia,2014,3,0,0
Democratic Republic of Congo,2014,165,3750,15000000
Dominican Republic,2014,1,0,0
Ecuador,2014,3,0,0
El Salvador,2014,0,0,100000000
Eswatini,2014,11,0,0
Europe,2014,273,2260,6748842000
European Union (27),2014,176,2260,3532000000
France,2014,22,0,485000000
Georgia,2014,0,0,0
Germany,2014,8,0,400000000
Greece,2014,3,0,628000000
Guatemala,2014,6,9830,100000000
Haiti,2014,12,0,2000000
High-income countries,2014,852,3226,28604000000
Honduras,2014,4,0,1400000
Hungary,2014,0,0,0
India,2014,1072,650200,23465000000
Indonesia,2014,243,7250,1114000000
Iran,2014,38,12000,94000000
Ireland,2014,1,0,0
Italy,2014,15,1000,1087000000
Jamaica,2014,0,0,0
Japan,2014,301,150,6681000000
Kazakhstan,2014,5,0,0
Kenya,2014,0,0,0
Kiribati,2014,0,0,0
Kyrgyzstan,2014,0,0,0
Laos,2014,0,0,0
Lesotho,2014,0,2600,0
Low-income countries,2014,950,27986,22000000
Lower-middle-income countries,2014,3582,759555,28624999000
Madagascar,2014,17,1736,0
Malaysia,2014,17,0,284000000
Marshall Islands,2014,0,0,0
Mexico,2014,22,0,2541500000
Morocco,2014,60,0,300000000
Mozambique,2014,22,0,0
Myanmar,2014,0,0,0
Nepal,2014,573,0,15000000
Nicaragua,2014,2,0,3000000
Niger,2014,36,0,2000000
Nigeria,2014,15,0,0
North America,2014,262,10010,19654900000
North Macedonia,2014,0,0,0
Oceania,2014,201,258,1182000000
Pakistan,2014,410,0,2018000000
Panama,2014,9,0,0
Papua New Guinea,2014,0,0,0
Paraguay,2014,0,0,0
Peru,2014,554,2700,0
Philippines,2014,331,0,1062899000
Poland,2014,78,0,0
Portugal,2014,1,0,0
Puerto Rico,2014,1,0,0
Reunion,2014,1,0,85000000
Romania,2014,17,0,0
Russia,2014,6,0,8000000
Senegal,2014,0,0,0
Serbia,2014,56,0,2048262000
Seychelles,2014,0,0,0
Slovenia,2014,4,0,0
Solomon Islands,2014,47,0,24000000
Somalia,2014,0,0,0
South Africa,2014,33,0,85000000
South America,2014,868,76638,5604000000
South Korea,2014,41,0,13000000
Spain,2014,3,0,0
Sri Lanka,2014,336,330,27000000
Sudan,2014,39,0,0
Switzerland,2014,2,0,0
Taiwan,2014,0,0,420000000
Tajikistan,2014,20,425,2000000
Tanzania,2014,31,0,2000000
Thailand,2014,93,2000,72000000
Tonga,2014,1,0,31000000
Turkey,2014,0,0,0
United Kingdom,2014,5,0,724000000
United States,2014,205,180,16778000000
Upper-middle-income countries,2014,2603,574020,40865315000
Vanuatu,2014,12,0,2000000
Vietnam,2014,38,0,10700000
World,2014,7988,1364787,98201314000
Zambia,2014,0,20000,0
Zimbabwe,2014,14,0,20000000
Afghanistan,2015,446,45100,3000000
Africa,2015,1329,222195,2372100000
Albania,2015,1,0,0
Algeria,2015,12,0,0
Angola,2015,75,2000,0
Argentina,2015,19,0,17200000
Asia,2015,16388,344932,47045369000
Australia,2015,16,6501,2732000000
Bahamas,2015,33,0,90000000
Bangladesh,2015,159,0,84000000
Belgium,2015,410,0,0
Belize,2015,0,0,0
Bolivia,2015,0,0,0
Bosnia and Herzegovina,2015,0,0,0
Botswana,2015,0,0,44000000
Brazil,2015,28,0,4000000
Bulgaria,2015,5,0,5800000
Burkina Faso,2015,8,0,31000000
Burundi,2015,63,2870,13000000
Cambodia,2015,0,0,0
Cameroon,2015,4,0,0
Canada,2015,0,36,0
Cape Verde,2015,9,0,1100000
Central African Republic,2015,1,0,0
Chile,2015,204,29741,2900000000
China,2015,500,96210,18472540000
Colombia,2015,104,700,0
Costa Rica,2015,0,0,0
Cote d'Ivoire,2015,16,0,0
Croatia,2015,0,0,0
Cuba,2015,3,0,0
Democratic Republic of Congo,2015,55,100,0
Dominica,2015,30,574,482810000
Dominican Republic,2015,2,2450,0
Ecuador,2015,12,0,0
Egypt,2015,141,0,100000000
El Salvador,2015,13,0,0
Ethiopia,2015,0,0,1400000000
Europe,2015,3856,0,4698620000
European Union (27),2015,3814,0,2074800000
Fiji,2015,0,0,0
France,2015,3298,0,924000000
Gambia,2015,0,0,0
Georgia,2015,40,0,23000000
Ghana,2015,25,5000,12000000
Greece,2015,3,0,0
Guatemala,2015,358,0,5000000
Guinea,2015,16,0,0
Guyana,2015,0,0,0
Haiti,2015,11,1966,0
High-income countries,2015,4498,49034,37915200000
India,2015,3400,54097,6949000000
Indonesia,2015,84,175,1235000000
Iran,2015,52,2000,636000000
Iraq,2015,58,0,0
Ireland,2015,1,0,0
Israel,2015,0,0,0
Italy,2015,9,0,1143000000
Japan,2015,71,0,1630200000
Kazakhstan,2015,2,0,5300000
Kenya,2015,138,0,0
Kiribati,2015,0,0,0
Kyrgyzstan,2015,0,5290,12000000
Laos,2015,4,45,10000000
Lebanon,2015,5,0,0
Low-income countries,2015,1305,254820,2083000000
Lower-middle-income countries,2015,15734,216963,23822266000
Madagascar,2015,121,206400,46000000
Malawi,2015,283,350,390000000
Malaysia,2015,25,0,2000
Mali,2015,5,0,0
Marshall Islands,2015,0,0,4900000
Mexico,2015,42,741,825000000
Micronesia (country),2015,5,0,11000000
Mongolia,2015,0,0,0
Mozambique,2015,160,0,0
Myanmar,2015,213,1200,119000000
Namibia,2015,0,0,60000000
Nepal,2015,9034,0,5174000000
New Zealand,2015,1,0,271000000
Nicaragua,2015,2,0,0
Niger,2015,27,0,0
Nigeria,2015,53,0,25000000
North America,2015,822,18523,26976810000
North Korea,2015,33,0,0
North Macedonia,2015,7,0,87000000
Northern Mariana Islands,2015,0,0,0
Oceania,2015,66,6901,3530300000
Oman,2015,0,0,221000000
Pakistan,2015,1892,133900,1000000
Palau,2015,0,0,0
Palestine,2015,4,0,0
Panama,2015,0,0,0
Papua New Guinea,2015,24,0,60000000
Paraguay,2015,14,0,0
Peru,2015,30,0,94000000
Philippines,2015,201,3300,1965966000
Poland,2015,78,0,0
Portugal,2015,1,0,0
Romania,2015,1,0,0
Russia,2015,31,0,136820000
Rwanda,2015,2,0,0
Samoa,2015,0,0,0
Saudi Arabia,2015,23,0,2000000
Sierra Leone,2015,10,0,0
Solomon Islands,2015,9,400,2000000
Somalia,2015,0,0,0
South Africa,2015,0,0,250000000
South America,2015,413,30441,3015200000
Spain,2015,8,0,2000000
Sri Lanka,2015,10,0,0
Sudan,2015,36,0,0
Syria,2015,13,0,0
Taiwan,2015,9,0,26000000
Tajikistan,2015,12,0,5000000
Tanzania,2015,59,5000,0
Thailand,2015,3,0,3300561000
Timor,2015,0,2000,4000000
Tonga,2015,0,0,0
Turkey,2015,17,1500,0
Tuvalu,2015,0,0,0
United Kingdom,2015,3,0,2400000000
United States,2015,328,12756,25574000000
Upper-middle-income countries,2015,1337,102175,23817933000
Uruguay,2015,2,0,0
Vanuatu,2015,11,0,449400000
Venezuela,2015,0,0,0
Vietnam,2015,52,115,6966800000
World,2015,22874,622992,87638399000
Yemen,2015,26,0,200000000
Zimbabwe,2015,10,475,0
Afghanistan,2016,84,0,0
Africa,2016,1020,169010,767200000
Albania,2016,2,0,0
Angola,2016,113,5155,0
Argentina,2016,0,0,1002000000
Armenia,2016,0,0,0
Asia,2016,5094,2266266,73016821000
Australia,2016,8,540,635000000
Austria,2016,0,0,0
Bahamas,2016,0,0,600000000
Bangladesh,2016,198,119700,750000000
Belgium,2016,2,0,0
Belize,2016,0,0,0
Bolivia,2016,4,0,450000000
Brazil,2016,33,0,200000000
Burkina Faso,2016,15,7032,0
Cambodia,2016,0,0,0
Canada,2016,0,0,4000000000
Chile,2016,12,0,100000000
China,2016,1287,85520,44917660000
Colombia,2016,10,2272,0
Costa Rica,2016,9,0,0
Cote d'Ivoire,2016,20,0,0
Cuba,2016,0,0,2600000000
Democratic Republic of Congo,2016,50,10000,0
Dominican Republic,2016,21,9,0
Ecuador,2016,682,0,2010000000
Egypt,2016,26,0,25000000
Eswatini,2016,0,0,0
Ethiopia,2016,128,1000,0
Europe,2016,416,462,11179000000
European Union (27),2016,352,462,11007000000
Fiji,2016,47,0,600000000
France,2016,5,0,2400000000
Germany,2016,7,0,2000000000
Ghana,2016,10,0,0
Greece,2016,4,0,56000000
Guatemala,2016,10,0,0
Haiti,2016,599,2780,2086000000
High-income countries,2016,1002,33368,86914000000
Honduras,2016,7,0,0
Hungary,2016,0,0,0
India,2016,1129,2000000,2574000000
Indonesia,2016,270,8920,233000000
Iran,2016,4,2000,0
Israel,2016,0,0,520000000
Italy,2016,299,0,5500000000
Jamaica,2016,0,0,0
Japan,2016,101,23991,20200000000
Kenya,2016,42,1000,0
Laos,2016,5,0,50000
Lesotho,2016,0,0,0
Liberia,2016,0,0,0
Low-income countries,2016,1346,136922,65200000
Lower-middle-income countries,2016,3718,2191623,8856161000
Madagascar,2016,0,0,0
Malawi,2016,12,2800,0
Malaysia,2016,0,0,132000000
Mali,2016,13,0,0
Mexico,2016,90,3000,75000000
Micronesia (country),2016,0,0,0
Mongolia,2016,0,0,0
Morocco,2016,0,0,0
Mozambique,2016,75,1500,1500000
Myanmar,2016,97,12000,16600000
Nepal,2016,174,0,15000000
Netherlands,2016,0,0,844000000
New Zealand,2016,2,0,3925000000
Nicaragua,2016,0,0,0
Niger,2016,61,3000,0
Nigeria,2016,46,12000,0
North America,2016,1013,14164,54087500000
North Korea,2016,552,0,61000000
North Macedonia,2016,22,0,60000000
Oceania,2016,57,540,5160000000
Oman,2016,2,0,0
Pakistan,2016,409,7360,2000000
Panama,2016,7,0,0
Papua New Guinea,2016,0,0,0
Paraguay,2016,0,0,0
Peru,2016,7,40,2000000
Philippines,2016,87,0,180074000
Poland,2016,23,0,0
Portugal,2016,4,462,157000000
Romania,2016,3,0,0
Russia,2016,0,0,12000000
Rwanda,2016,117,0,0
Saint Lucia,2016,0,0,0
Saint Vincent and the Grenadines,2016,1,0,6500000
Saudi Arabia,2016,24,0,50000000
Senegal,2016,5,0,0
Serbia,2016,0,0,100000000
Solomon Islands,2016,0,0,0
Somalia,2016,9,0,0
South Africa,2016,24,0,280000000
South America,2016,756,2312,3767000000
South Korea,2016,15,0,274000000
South Sudan,2016,0,0,0
Spain,2016,5,0,50000000
Sri Lanka,2016,203,0,1220000000
Sudan,2016,171,110000,0
Taiwan,2016,212,0,880000000
Tajikistan,2016,4,0,0
Tanzania,2016,33,13933,458000000
Thailand,2016,35,0,145000000
Timor,2016,0,0,0
Tonga,2016,0,0,0
Uganda,2016,19,1590,2700000
Ukraine,2016,40,0,0
United States,2016,269,8375,44720000000
Upper-middle-income countries,2016,2290,90841,52142160000
Uruguay,2016,8,0,3000000
Venezuela,2016,0,0,0
Vietnam,2016,162,6775,846437000
World,2016,8356,2452754,147977521000
Yemen,2016,40,0,0
Zimbabwe,2016,31,0,0
Afghanistan,2017,226,1650,0
Africa,2017,2003,50055,2491000000
Albania,2017,7,0,8900000
Algeria,2017,0,0,0
Angola,2017,11,3750,2000000
Anguilla,2017,4,0,200000000
Antigua and Barbuda,2017,1,0,250000000
Argentina,2017,1,0,0
Asia,2017,5624,211524,31488969000
Australia,2017,12,114,3210000000
Austria,2017,5,0,118000000
Bahamas,2017,0,0,2000000
Bangladesh,2017,323,9300,628000000
Barbados,2017,1,0,0
Belarus,2017,43,0,0
Botswana,2017,0,0,0
Brazil,2017,14,0,100000000
British Virgin Islands,2017,9,0,3000000000
Burkina Faso,2017,2,0,0
Burundi,2017,6,810,0
Cameroon,2017,3,0,0
Canada,2017,2,0,200000000
Cape Verde,2017,0,0,0
Central African Republic,2017,0,0,0
Chad,2017,0,0,0
Chile,2017,42,3580,552000000
China,2017,514,81215,16484900000
Colombia,2017,384,126,104000000
Costa Rica,2017,13,0,185000000
Cote d'Ivoire,2017,15,0,0
Croatia,2017,0,0,161000000
Cuba,2017,10,0,540000000
Czechia,2017,0,0,2900000
Democratic Republic of Congo,2017,279,500,0
Dominica,2017,64,0,1456000000
Dominican Republic,2017,5,27,63000000
El Salvador,2017,10,50,0
Europe,2017,331,2700,5418600000
European Union (27),2017,211,2700,5407700000
France,2017,3,0,550000000
French Polynesia,2017,0,500,2000000
Gambia,2017,6,0,0
Germany,2017,5,0,899000000
Ghana,2017,20,0,0
Greece,2017,26,0,0
Guadeloupe,2017,4,0,120000000
Guatemala,2017,20,494,0
Guinea,2017,0,0,0
Guyana,2017,0,0,0
Haiti,2017,35,342,0
High-income countries,2017,778,326353,282960200000
Honduras,2017,21,50,0
Hong Kong,2017,0,0,755500000
Hungary,2017,0,0,0
India,2017,2346,60100,2117000000
Indonesia,2017,99,2235,34000000
Iran,2017,509,1845,1130000000
Iraq,2017,10,0,0
Ireland,2017,0,0,0
Italy,2017,44,0,2662500000
Jamaica,2017,0,0,0
Japan,2017,49,300,2202000000
Kazakhstan,2017,0,0,0
Kenya,2017,26,0,0
Kyrgyzstan,2017,24,55,0
Laos,2017,0,0,0
Low-income countries,2017,1876,28560,77000000
Lower-middle-income countries,2017,5089,146057,8863869000
Macao,2017,10,0,1420000000
Madagascar,2017,81,0,20000000
Malawi,2017,0,0,0
Malaysia,2017,9,0,0
Martinique,2017,0,0,44000000
Mauritania,2017,18,0,0
Mexico,2017,498,1600,8302000000
Mongolia,2017,17,0,0
Montenegro,2017,0,0,0
Morocco,2017,0,0,0
Mozambique,2017,7,0,17000000
Myanmar,2017,3,0,0
Namibia,2017,0,0,0
Nepal,2017,198,0,595000000
New Zealand,2017,0,12,91000000
Nicaragua,2017,22,150,0
Niger,2017,72,0,10000000
Nigeria,2017,20,500,0
North America,2017,1155,321821,279992000000
North Korea,2017,0,0,0
North Macedonia,2017,3,0,0
Oceania,2017,12,626,3303000000
Oman,2017,3,0,0
Pakistan,2017,215,0,110000000
Panama,2017,7,0,0
Peru,2017,200,0,3200000000
Philippines,2017,233,53645,161214000
Poland,2017,6,0,275000000
Portugal,2017,109,2700,732000000
Puerto Rico,2017,66,210000,68000000000
Romania,2017,9,0,7300000
Russia,2017,16,0,2000000
Rwanda,2017,3,0,0
Saint Barthelemy,2017,4,0,0
Saint Kitts and Nevis,2017,0,0,20000000
Saint Martin (French part),2017,12,0,4100000000
Saudi Arabia,2017,4,0,0
Serbia,2017,6,0,0
Sierra Leone,2017,1102,0,30000000
Sint Maarten (Dutch part),2017,4,0,2500000000
Slovakia,2017,0,0,0
South Africa,2017,32,6000,2223000000
South America,2017,641,3706,3956000000
South Korea,2017,0,0,0
Spain,2017,4,0,0
Sri Lanka,2017,329,0,735000000
Sudan,2017,25,25600,0
Switzerland,2017,8,0,0
Taiwan,2017,6,39,45300000
Tajikistan,2017,13,0,0
Tanzania,2017,7,0,0
Thailand,2017,150,0,1308400000
Togo,2017,0,0,0
Tunisia,2017,0,0,0
Turkey,2017,0,0,600000000
Turks and Caicos Islands,2017,0,0,500000000
Uganda,2017,17,0,0
Ukraine,2017,37,0,0
United Arab Emirates,2017,0,0,0
United Kingdom,2017,0,0,0
United States,2017,336,109108,190510000000
United States Virgin Islands,2017,7,0,0
Upper-middle-income countries,2017,2015,89462,34584500000
Uruguay,2017,0,0,0
Vanuatu,2017,0,0,0
Vietnam,2017,284,1140,3162655000
World,2017,9766,590432,326649569000
Yemen,2017,50,0,0
Zimbabwe,2017,251,12895,189000000
Afghanistan,2018,113,0,0
Africa,2018,1024,104193,818136000
Albania,2018,0,0,0
Algeria,2018,6,0,0
Angola,2018,8,0,0
Argentina,2018,2,0,3400000000
Armenia,2018,0,0,1822000
Asia,2018,9205,300050,56480526000
Australia,2018,0,0,1211400000
Bangladesh,2018,102,0,0
Belarus,2018,0,0,0
Belgium,2018,1,0,0
Bolivia,2018,6,0,0
Botswana,2018,0,0,0
Brazil,2018,22,300,53000000
Bulgaria,2018,0,0,0
Burundi,2018,0,0,0
Cambodia,2018,0,0,0
Canada,2018,70,0,325000000
China,2018,354,4000,15324172000
Colombia,2018,26,0,0
Costa Rica,2018,1,0,0
Cote d'Ivoire,2018,20,0,0
Croatia,2018,0,21,0
Cuba,2018,9,0,0
Czechia,2018,3,0,0
Democratic Republic of Congo,2018,51,15743,0
Djibouti,2018,2,0,0
Dominican Republic,2018,0,8000,0
El Salvador,2018,4,0,37000000
Estonia,2018,7,0,0
Ethiopia,2018,44,0,36000
Europe,2018,398,21,3202986000
European Union (27),2018,388,21,3192986000
Fiji,2018,7,0,60000000
France,2018,23,0,912000000
Georgia,2018,0,0,0
Germany,2018,5,0,588475000
Ghana,2018,34,0,0
Greece,2018,100,0,0
Guatemala,2018,463,0,44669000
Guinea-Bissau,2018,3,0,0
Haiti,2018,17,0,0
High-income countries,2018,1293,3258,103152086000
Honduras,2018,6,0,0
Hong Kong,2018,0,0,0
Hungary,2018,179,0,0
India,2018,1396,223050,6108980000
Indonesia,2018,5310,70000,2604000000
Iran,2018,11,3000,186000000
Iraq,2018,21,0,0
Ireland,2018,2,0,0
Israel,2018,12,0,0
Italy,2018,23,0,1215000000
Japan,2018,435,0,31000000000
Jordan,2018,34,0,0
Kazakhstan,2018,0,0,0
Kenya,2018,134,0,350000000
Kuwait,2018,1,0,0
Laos,2018,136,0,225000000
Latvia,2018,0,0,0
Lebanon,2018,15,0,0
Lithuania,2018,5,0,0
Low-income countries,2018,888,104193,186776000
Lower-middle-income countries,2018,8564,296050,10739892000
Madagascar,2018,94,0,0
Malawi,2018,5,0,0
Malaysia,2018,2,0,0
Mali,2018,0,0,0
Marshall Islands,2018,0,0,0
Mauritania,2018,0,0,0
Mauritius,2018,0,0,0
Mexico,2018,40,120,543805000
Mongolia,2018,0,0,0
Morocco,2018,0,0,0
Mozambique,2018,28,77150,5100000
Myanmar,2018,67,0,0
Namibia,2018,0,0,0
Nepal,2018,65,0,0
Netherlands,2018,3,0,110011000
New Zealand,2018,0,0,25000000
Nicaragua,2018,4,0,0
Niger,2018,36,0,0
Nigeria,2018,300,0,275000000
North America,2018,904,11357,67776174000
North Korea,2018,234,0,29640000
Northern Mariana Islands,2018,2,0,0
Oceania,2018,190,0,1357400000
Oman,2018,6,0,0
Pakistan,2018,240,0,0
Panama,2018,0,0,72000000
Papua New Guinea,2018,181,0,61000000
Paraguay,2018,0,0,0
Peru,2018,2,1295,0
Philippines,2018,313,0,569712000
Poland,2018,9,0,0
Portugal,2018,2,0,115500000
Puerto Rico,2018,0,0,0
Qatar,2018,0,0,10000000
Reunion,2018,0,0,0
Romania,2018,2,0,0
Russia,2018,10,0,10000000
Rwanda,2018,76,0,72000000
Samoa,2018,0,0,0
Senegal,2018,0,0,0
Serbia,2018,0,0,0
Solomon Islands,2018,0,0,0
Somalia,2018,58,0,80000000
South America,2018,60,1595,3953000000
South Korea,2018,0,0,0
Spain,2018,24,0,150000000
Sri Lanka,2018,34,0,0
Sudan,2018,46,11300,0
Sweden,2018,0,0,102000000
Switzerland,2018,0,0,0
Taiwan,2018,91,0,134000000
Tajikistan,2018,6,0,0
Tanzania,2018,15,0,0
Tonga,2018,0,0,0
Trinidad and Tobago,2018,0,0,3700000
Tunisia,2018,13,0,36000000
Turkey,2018,24,0,0
Uganda,2018,51,0,0
Ukraine,2018,0,0,0
United Kingdom,2018,0,0,0
United States,2018,290,3237,66750000000
Upper-middle-income countries,2018,1034,13715,19509468000
Uruguay,2018,0,0,500000000
Vanuatu,2018,0,0,0
Venezuela,2018,2,0,0
Vietnam,2018,134,0,287200000
World,2018,11781,417216,133588222000
Yemen,2018,49,0,0
Afghanistan,2019,211,7775,0
Africa,2019,2746,6282,2447100000
Albania,2019,51,0,745000000
Algeria,2019,8,0,0
Angola,2019,71,4535,0
Argentina,2019,14,0,0
Armenia,2019,0,0,0
Asia,2019,5283,370883,62175356000
Australia,2019,35,6927,4000000000
Austria,2019,12,0,0
Bahamas,2019,356,0,3400000000
Bangladesh,2019,260,10000,80785000
Belgium,2019,716,0,0
Bolivia,2019,83,0,0
Bosnia and Herzegovina,2019,1,0,0
Botswana,2019,0,0,0
Brazil,2019,47,0,0
Burundi,2019,61,0,0
Cambodia,2019,12,0,0
Cameroon,2019,54,0,0
Canada,2019,2,0,1075000000
Central African Republic,2019,0,0,0
Chad,2019,52,0,0
Chile,2019,8,735,0
China,2019,571,423,18646000000
Colombia,2019,84,215,0
Comoros,2019,8,0,0
Congo,2019,0,0,0
Cote d'Ivoire,2019,12,612,0
Croatia,2019,1,0,0
Cuba,2019,6,0,0
Democratic Republic of Congo,2019,80,450,0
Djibouti,2019,11,0,0
Ecuador,2019,16,15,0
El Salvador,2019,1,0,0
Eswatini,2019,0,0,0
Ethiopia,2019,23,0,0
Europe,2019,2918,0,4310000000
European Union (27),2019,2635,0,2973000000
Fiji,2019,1,0,0
France,2019,1451,0,415000000
Gambia,2019,4,0,0
Georgia,2019,0,0,0
Germany,2019,5,0,0
Ghana,2019,32,0,0
Greece,2019,7,0,0
Guatemala,2019,4,0,0
Haiti,2019,14,150,0
High-income countries,2019,3714,8106,61361000000
Hungary,2019,0,0,0
India,2019,2307,0,11810000000
Indonesia,2019,469,5880,1318000000
Iran,2019,83,2000,2670000000
Iraq,2019,10,0,0
Italy,2019,5,0,0
Japan,2019,288,0,26210000000
Kenya,2019,187,120,0
Laos,2019,19,0,0
Lebanon,2019,3,0,0
Lesotho,2019,0,0,0
Libya,2019,4,0,7100000
Low-income countries,2019,1724,8790,2279000000
Lower-middle-income countries,2019,5341,368452,16742356000
Luxembourg,2019,0,0,0
Madagascar,2019,17,0,25000000
Malawi,2019,68,0,0
Malaysia,2019,2,0,0
Maldives,2019,0,0,0
Mali,2019,15,0,0
Mauritania,2019,3,0,0
Mexico,2019,16,3000,383000000
Micronesia (country),2019,0,0,0
Moldova,2019,0,0,0
Mongolia,2019,12,0,0
Morocco,2019,39,0,0
Mozambique,2019,704,0,2230000000
Myanmar,2019,128,1875,0
Nepal,2019,147,0,204000000
Netherlands,2019,400,0,0
New Zealand,2019,21,0,0
Niger,2019,52,0,0
Nigeria,2019,24,0,0
North America,2019,551,3594,28008000000
North Korea,2019,5,0,24000000
Norway,2019,1,0,0
Oceania,2019,69,7277,4000000000
Oman,2019,6,0,0
Pakistan,2019,361,0,17000000
Papua New Guinea,2019,12,350,0
Paraguay,2019,40,0,0
Peru,2019,78,0,0
Philippines,2019,180,342165,593571000
Poland,2019,4,0,0
Portugal,2019,2,0,0
Romania,2019,4,0,0
Russia,2019,59,0,592000000
Rwanda,2019,28,565,0
Saudi Arabia,2019,20,0,0
Senegal,2019,6,0,0
Serbia,2019,0,0,0
Sierra Leone,2019,7,0,0
Slovakia,2019,1,0,0
Somalia,2019,23,0,0
South Africa,2019,102,0,185000000
South America,2019,376,965,0
South Korea,2019,21,0,553000000
South Sudan,2019,53,0,0
Spain,2019,27,0,2558000000
Sri Lanka,2019,30,0,0
Sudan,2019,78,0,0
Switzerland,2019,4,0,0
Syria,2019,2,0,0
Taiwan,2019,2,0,0
Tajikistan,2019,4,0,0
Tanzania,2019,47,0,0
Thailand,2019,26,0,0
Turkey,2019,19,0,0
Uganda,2019,215,0,0
United Kingdom,2019,167,0,0
United States,2019,152,444,23150000000
Upper-middle-income countries,2019,1158,3653,20558100000
Uruguay,2019,0,0,0
Venezuela,2019,6,0,0
Vietnam,2019,59,765,49000000
World,2019,11943,389001,100940456000
Yemen,2019,26,0,0
Zambia,2019,4,0,0
Zimbabwe,2019,654,0,0
Afghanistan,2020,328,8625,0
Africa,2020,1341,676898,464000000
Algeria,2020,0,0,0
Angola,2020,33,0,0
Argentina,2020,3,0,10000000
Armenia,2020,0,0,0
Asia,2020,6048,21170,67406266000
Australia,2020,1,0,3900000000
Bangladesh,2020,283,0,2000000000
Belgium,2020,1460,0,0
Belize,2020,0,0,0
Benin,2020,6,0,0
Bolivia,2020,31,0,10000000
Bosnia and Herzegovina,2020,0,0,0
Brazil,2020,163,5000,3600000000
Burkina Faso,2020,13,23500,0
Burundi,2020,5,0,0
Cambodia,2020,44,0,100000000
Cameroon,2020,0,0,0
Canada,2020,1,0,2500000000
Cape Verde,2020,1,0,0
Chad,2020,3,0,0
China,2020,463,0,23092000000
Colombia,2020,66,0,160000000
Congo,2020,20,0,0
Costa Rica,2020,0,0,0
Cote d'Ivoire,2020,24,2100,0
Croatia,2020,9,18915,13023400000
Cuba,2020,0,0,0
Czechia,2020,1,0,0
Democratic Republic of Congo,2020,83,0,0
Djibouti,2020,8,0,0
Dominican Republic,2020,6,0,165000000
Ecuador,2020,0,0,0
Egypt,2020,40,0,76000000
El Salvador,2020,75,0,220000000
Ethiopia,2020,34,0,0
Europe,2020,6456,18915,15077261000
European Union (27),2020,3869,18915,14603400000
Fiji,2020,8,0,14120000
France,2020,1944,0,1020000000
French Guiana,2020,0,0,0
Georgia,2020,0,0,0
Germany,2020,0,0,0
Ghana,2020,7,0,0
Greece,2020,10,0,30000000
Guatemala,2020,167,886,386000000
Guinea,2020,0,0,0
Haiti,2020,39,0,0
High-income countries,2020,6873,19815,106968200000
Honduras,2020,132,0,0
India,2020,2316,0,26430000000
Indonesia,2020,210,70,29300000
Iran,2020,52,0,2358000000
Iraq,2020,8,0,100000000
Ireland,2020,0,0,0
Isle of Man,2020,0,0,0
Israel,2020,7,0,580000000
Italy,2020,19,0,130000000
Japan,2020,84,0,6000000000
Kazakhstan,2020,0,0,0
Kenya,2020,285,0,10000000
Laos,2020,2,0,0
Lebanon,2020,0,0,0
Lesotho,2020,0,0,0
Low-income countries,2020,1061,665373,280000000
Lower-middle-income countries,2020,5797,24695,36773327000
Madagascar,2020,44,0,0
Malawi,2020,1,0,0
Malaysia,2020,0,0,6800000
Mali,2020,0,0,0
Mauritania,2020,9,700,0
Mexico,2020,82,0,410000000
Mongolia,2020,10,0,1700000
Mozambique,2020,24,0,0
Myanmar,2020,174,0,0
Namibia,2020,0,0,0
Nepal,2020,448,0,100000000
Netherlands,2020,400,0,0
New Zealand,2020,0,0,110000000
Nicaragua,2020,20,0,919000000
Niger,2020,83,632608,10000000
Nigeria,2020,189,0,100000000
North America,2020,874,1786,82220800000
North Korea,2020,22,0,0
Norway,2020,10,0,130000000
Oceania,2020,102,0,4135120000
Oman,2020,3,0,0
Pakistan,2020,630,695,1500000000
Palestine,2020,3,0,0
Panama,2020,94,0,11000000
Papua New Guinea,2020,42,0,0
Peru,2020,30,0,10000000
Philippines,2020,202,705,1113474000
Poland,2020,3,0,0
Puerto Rico,2020,5,900,1009800000
Romania,2020,3,0,85000000
Rwanda,2020,111,490,0
Saudi Arabia,2020,3,0,0
Senegal,2020,11,0,18000000
Serbia,2020,0,0,28000000
Slovakia,2020,1,0,0
Slovenia,2020,1,0,0
Solomon Islands,2020,48,0,0
Somalia,2020,41,0,0
South Africa,2020,13,0,0
South America,2020,296,5000,3820000000
South Korea,2020,81,0,1620000000
South Sudan,2020,0,0,0
Spain,2020,17,0,315000000
Sri Lanka,2020,10,0,0
Sudan,2020,155,0,250000000
Sweden,2020,1,0,0
Switzerland,2020,0,0,0
Syria,2020,3,0,0
Taiwan,2020,1,0,0
Tajikistan,2020,2,0,0
Tanzania,2020,43,17500,0
Thailand,2020,44,0,60000000
Timor,2020,3,0,20000000
Togo,2020,11,0,0
Tonga,2020,0,0,111000000
Tunisia,2020,6,0,0
Turkey,2020,233,8000,823000000
Tuvalu,2020,0,0,0
Uganda,2020,35,0,0
Ukraine,2020,19,0,315861000
United Kingdom,2020,2558,0,0
United States,2020,253,0,76600000000
Upper-middle-income countries,2020,1383,13886,29071920000
Uruguay,2020,0,0,0
Uzbekistan,2020,4,0,0
Vanuatu,2020,3,0,0
Venezuela,2020,3,0,30000000
Vietnam,2020,310,2925,1451992000
World,2020,15117,723769,173123447000
Yemen,2020,65,150,20000000
Zambia,2020,3,0,0
Afghanistan,2021,396,0,0
Africa,2021,557,27427,1318000000
Albania,2021,0,0,0
Algeria,2021,103,18,0
Angola,2021,22,0,0
Argentina,2021,15,0,0
Asia,2021,5129,7806,48896573000
Australia,2021,7,243,3335000000
Austria,2021,1,0,0
Bangladesh,2021,24,0,0
Barbados,2021,0,186,0
Belgium,2021,39,100000,2000000000
Benin,2021,13,0,0
Bhutan,2021,10,0,0
Bolivia,2021,50,0,0
Bosnia and Herzegovina,2021,0,0,0
Brazil,2021,62,0,3543000000
Bulgaria,2021,0,0,0
Burundi,2021,0,0,0
Cambodia,2021,1,0,0
Canada,2021,822,0,2105912000
Central African Republic,2021,0,0,0
Chad,2021,32,22000,0
Chile,2021,0,0,175000000
China,2021,455,2896,25556500000
Colombia,2021,42,0,0
Congo,2021,24,0,0
Costa Rica,2021,3,0,0
Cuba,2021,0,0,100000000
Cyprus,2021,4,0,47000000
Czechia,2021,6,0,701000000
Democratic Republic of Congo,2021,32,0,0
Dominican Republic,2021,2,0,0
Ecuador,2021,6,0,0
Egypt,2021,3,1100,0
El Salvador,2021,5,0,0
Eswatini,2021,0,0,0
Ethiopia,2021,16,0,0
Europe,2021,303,111568,52541000000
European Union (27),2021,269,111565,52171000000
Fiji,2021,6,0,10000000
France,2021,2,0,5633000000
Gambia,2021,10,0,0
Georgia,2021,0,0,0
Germany,2021,198,0,40000000000
Ghana,2021,9,0,0
Greece,2021,3,5016,620000000
Guatemala,2021,2,0,0
Guinea,2021,5,1972,0
Guyana,2021,0,0,0
Haiti,2021,2582,0,1620071000
High-income countries,2021,2004,116704,211271912000
Honduras,2021,0,0,0
Hong Kong,2021,2,0,0
India,2021,2126,450,7810000000
Indonesia,2021,492,2250,928700000
Iran,2021,26,0,175000000
Iraq,2021,16,0,14000000
Italy,2021,1,0,59000000
Japan,2021,62,60,10600000000
Kazakhstan,2021,0,0,0
Kenya,2021,9,0,250000000
Kyrgyzstan,2021,15,0,0
Laos,2021,0,0,120000
Lesotho,2021,0,0,0
Low-income countries,2021,716,26309,993000000
Lower-middle-income countries,2021,6800,5068,12077144000
Luxembourg,2021,0,0,0
Madagascar,2021,3,0,0
Malawi,2021,13,0,0
Malaysia,2021,79,0,1460000000
Maldives,2021,0,0,0
Mexico,2021,71,0,1120000000
Mongolia,2021,12,0,0
Morocco,2021,24,0,0
Mozambique,2021,11,0,0
Myanmar,2021,0,0,0
Namibia,2021,0,0,0
Nepal,2021,251,0,0
Netherlands,2021,0,0,0
New Caledonia,2021,0,0,0
New Zealand,2021,1,0,277000000
Niger,2021,62,0,0
Nigeria,2021,4,0,0
North America,2021,4275,4836,147819983000
North Korea,2021,0,0,0
North Macedonia,2021,1,0,0
Oceania,2021,14,243,3622000000
Oman,2021,20,0,80000000
Pakistan,2021,264,250,10000000
Palau,2021,0,0,0
Panama,2021,1,0,0
Paraguay,2021,10,0,0
Peru,2021,23,54,25000000
Philippines,2021,572,0,1077753000
Poland,2021,4,0,0
Romania,2021,1,0,0
Russia,2021,14,3,200000000
Rwanda,2021,0,1740,0
Saint Lucia,2021,1,0,34000000
Saint Vincent and the Grenadines,2021,0,0,325000000
Sao Tome and Principe,2021,8,0,0
Serbia,2021,0,0,0
Slovakia,2021,1,0,0
Slovenia,2021,0,0,0
Somalia,2021,25,0,993000000
South Africa,2021,58,0,75000000
South America,2021,254,54,3743000000
South Korea,2021,0,0,13000000
South Sudan,2021,7,0,0
Spain,2021,9,6549,3041000000
Sri Lanka,2021,35,0,0
Sudan,2021,52,0,0
Suriname,2021,0,0,0
Sweden,2021,0,0,70000000
Switzerland,2021,17,0,0
Syria,2021,1,0,0
Taiwan,2021,18,0,0
Tajikistan,2021,24,0,9000000
Tanzania,2021,1,0,0
Thailand,2021,16,900,591000000
Timor,2021,41,0,0
Tunisia,2021,3,0,0
Turkey,2021,82,0,545000000
Tuvalu,2021,0,0,0
Uganda,2021,5,597,0
Ukraine,2021,1,0,170000000
United Kingdom,2021,1,0,0
United States,2021,786,4650,142515000000
Upper-middle-income countries,2021,966,3853,33598500000
Uzbekistan,2021,8,0,0
Vanuatu,2021,0,0,0
Venezuela,2021,46,0,0
Vietnam,2021,35,1000,26500000
World,2021,10532,151934,257940556000
Yemen,2021,46,0,0
Zambia,2021,0,0,0
Zimbabwe,2021,3,0,0
Afghanistan,2022,1346,18500,0
Africa,2022,4740,10683,3819000000
Algeria,2022,44,0,0
Argentina,2022,0,0,730000000
Asia,2022,6847,21063,19060169000
Australia,2022,31,0,9375000000
Austria,2022,0,0,0
Bangladesh,2022,117,0,0
Belgium,2022,2,0,0
Belize,2022,0,150,0
Benin,2022,44,0,0
Bolivia,2022,60,0,0
Bosnia and Herzegovina,2022,1,0,0
Brazil,2022,478,886,812000000
Bulgaria,2022,0,0,46000000
Cambodia,2022,31,0,0
Cameroon,2022,7,150,0
Canada,2022,11,0,0
Cape Verde,2022,0,0,0
Central African Republic,2022,16,0,0
Chad,2022,22,0,0
China,2022,250,0,9561000000
Colombia,2022,122,252,0
Costa Rica,2022,0,0,0
Cote d'Ivoire,2022,13,0,0
Cuba,2022,9,0,0
Czechia,2022,1,0,0
Democratic Republic of Congo,2022,42,0,0
Denmark,2022,1,0,0
Djibouti,2022,0,0,0
Dominican Republic,2022,2,0,0
Ecuador,2022,77,0,50000000
El Salvador,2022,11,0,17000000
Ethiopia,2022,0,0,640000000
Europe,2022,76,2190,46000000
European Union (27),2022,46,0,46000000
Fiji,2022,1,0,25000000
France,2022,6,0,0
Gambia,2022,6,0,0
Georgia,2022,0,0,0
Germany,2022,7,0,0
Ghana,2022,0,0,0
Greece,2022,0,0,0
Guadeloupe,2022,1,0,0
Guatemala,2022,49,0,0
Guinea,2022,0,0,0
Guyana,2022,0,0,0
Haiti,2022,9,950,0
High-income countries,2022,410,1821,36734100000
Honduras,2022,14,0,0
India,2022,2210,0,0
Indonesia,2022,60,515,0
Iran,2022,109,150,342000000
Iraq,2022,1,0,0
Ireland,2022,1,0,0
Italy,2022,14,0,0
Japan,2022,37,0,8800000000
Kyrgyzstan,2022,0,0,0
Laos,2022,1,0,0
Low-income countries,2022,4869,19000,655000000
Lower-middle-income countries,2022,5911,9760,648829000
Madagascar,2022,253,0,15000000
Malawi,2022,71,0,0
Malaysia,2022,9,18,240000
Mali,2022,10,0,0
Marshall Islands,2022,0,0,0
Mauritania,2022,14,0,0
Mauritius,2022,1,0,0
Mexico,2022,56,2424,0
Mongolia,2022,0,0,0
Mozambique,2022,115,0,0
Nepal,2022,174,0,0
Netherlands,2022,4,0,0
New Zealand,2022,0,0,0
Nicaragua,2022,5,2100,180000000
Niger,2022,195,0,0
Nigeria,2022,610,1500,0
North America,2022,412,6365,18752000000
Norway,2022,0,0,0
Oceania,2022,43,1945,9517000000
Pakistan,2022,1799,0,0
Palestine,2022,4,0,0
Papua New Guinea,2022,7,1945,0
Peru,2022,13,0,0
Philippines,2022,482,0,109829000
Poland,2022,7,0,0
Portugal,2022,3,0,0
Puerto Rico,2022,25,0,0
Reunion,2022,0,0,0
Russia,2022,23,2190,0
Rwanda,2022,26,500,0
Senegal,2022,0,0,0
Sierra Leone,2022,12,0,0
Somalia,2022,0,0,0
South Africa,2022,562,7033,3164000000
South America,2022,890,2089,1592000000
South Korea,2022,33,1080,0
South Sudan,2022,0,0,0
Spain,2022,0,0,0
Sri Lanka,2022,12,0,0
Sudan,2022,146,0,0
Suriname,2022,0,0,0
Syria,2022,2,0,0
Taiwan,2022,1,0,4100000
Tanzania,2022,10,1500,0
Thailand,2022,14,0,0
Tonga,2022,4,0,117000000
Tunisia,2022,1,0,0
Turkey,2022,5,0,243000000
Uganda,2022,2517,0,0
United Kingdom,2022,6,0,0
United States,2022,220,741,18555000000
Upper-middle-income countries,2022,1677,12803,14748240000
Uruguay,2022,0,0,0
Uzbekistan,2022,5,0,0
Venezuela,2022,140,951,0
Vietnam,2022,55,800,0
World,2022,13008,44335,52786169000
Yemen,2022,90,0,0
Zambia,2022,3,0,0
Zimbabwe,2022,0,0,0